dataset_size_percent,n_samples,f1_score
10.0,445,0.28735632183908044
30.0,1337,0.639269406392694
50.0,2229,0.6872246696035242
100.0,4459,0.8712121212121212
